{
  "display": {
    "icon": {
      "item": "hempandstuff:cocaine"
    },
    "title": {
      "translate": "advancements.donttouchthis.title"
    },
    "description": {
      "translate": "advancements.donttouchthis.descr"
    },
    "frame": "task",
    "show_toast": true,
    "announce_to_chat": true,
    "hidden": false
  },
  "criteria": {
    "donttouchthis": {
      "trigger": "minecraft:inventory_changed",
      "conditions": {
        "items": [
          {
            "items": [
              "hempandstuff:cocaine"
            ],
            "count": {
              "min": 1,
              "max": 1
            }
          }
        ]
      }
    }
  },
  "parent": "hempandstuff:possession"
}