{
  "display": {
    "icon": {
      "item": "hempandstuff:hash_cookie"
    },
    "title": {
      "translate": "advancements.edible_chef.title"
    },
    "description": {
      "translate": "advancements.edible_chef.descr"
    },
    "frame": "task",
    "show_toast": true,
    "announce_to_chat": true,
    "hidden": false
  },
  "criteria": {
    "edible_chef": {
      "trigger": "minecraft:consume_item",
      "conditions": {
        "item": {
          "items": [
            "hempandstuff:hash_cookie"
          ]
        }
      }
    }
  },
  "parent": "hempandstuff:possession"
}