{
  "display": {
    "icon": {
      "item": "hempandstuff:hempleaf"
    },
    "title": {
      "translate": "advancements.legal_grower.title"
    },
    "description": {
      "translate": "advancements.legal_grower.descr"
    },
    "frame": "task",
    "show_toast": true,
    "announce_to_chat": true,
    "hidden": false
  },
  "criteria": {
    "legal_grower": {
      "trigger": "minecraft:placed_block",
      "conditions": {
        "location": [
          {
            "block": "hempandstuff:hemp_flower",
            "condition": "minecraft:block_state_property"
          }
        ]
      }
    }
  },
  "parent": "hempandstuff:possession"
}