{
  "_fv": 43,
  "_type": "achievement",
  "definition": {
    "achievementName": "Marijana Consumer",
    "achievementDescription": "Eat a Hash Cookie",
    "achievementIcon": {
      "value": "CUSTOM:HashCookie"
    },
    "background": "Default",
    "disableDisplay": false,
    "showPopup": true,
    "announceToChat": true,
    "hideIfNotCompleted": false,
    "rewardLoot": [],
    "rewardRecipes": [],
    "rewardFunction": "No function",
    "rewardXP": 0,
    "achievementType": "task",
    "parent": {
      "value": "CUSTOM:Possession"
    },
    "triggerxml": "<xml xmlns=\"https://developers.google.com/blockly/xml\"><block type=\"item_consumed\" x=\"97\" y=\"103\"><value name=\"item\"><block type=\"mcitem_all\"><field name=\"value\">CUSTOM:HashCookie</field></block></value><next><block type=\"advancement_trigger\" deletable=\"false\"></block></next></block></xml>"
  }
}