{
  "_fv": 43,
  "_type": "recipe",
  "definition": {
    "recipeType": "Crafting",
    "recipeRetstackSize": 1,
    "group": "",
    "cookingBookCategory": "MISC",
    "xpReward": 0.0,
    "cookingTime": 200,
    "craftingBookCategory": "MISC",
    "recipeShapeless": false,
    "recipeSlots": [
      {
        "value": "CUSTOM:Decarbedbud"
      },
      {
        "value": "CUSTOM:Decarbedbud"
      },
      {
        "value": "CUSTOM:Decarbedbud"
      },
      {
        "value": "Blocks.WHEAT"
      },
      {
        "value": "Items.DYE#3"
      },
      {
        "value": "Blocks.WHEAT"
      },
      {
        "value": "CUSTOM:Decarbedbud"
      },
      {
        "value": "CUSTOM:Decarbedbud"
      },
      {
        "value": "CUSTOM:Decarbedbud"
      }
    ],
    "recipeReturnStack": {
      "value": "CUSTOM:HashCookie"
    },
    "name": "hashcookierecipe",
    "namespace": "mod"
  }
}