{
  "_fv": 43,
  "_type": "achievement",
  "definition": {
    "achievementName": "Legal Grower",
    "achievementDescription": "Plant your first hemp plant",
    "achievementIcon": {
      "value": "CUSTOM:Hempleaf"
    },
    "background": "Default",
    "disableDisplay": false,
    "showPopup": true,
    "announceToChat": true,
    "hideIfNotCompleted": false,
    "rewardLoot": [],
    "rewardRecipes": [],
    "rewardFunction": "No function",
    "rewardXP": 0,
    "achievementType": "task",
    "parent": {
      "value": "CUSTOM:Possession"
    },
    "triggerxml": "<xml xmlns=\"https://developers.google.com/blockly/xml\"><block type=\"block_placed\" x=\"108\" y=\"105\"><value name=\"block\"><block type=\"mcitem_allblocks\"><field name=\"value\">CUSTOM:HempBush</field></block></value><next><block type=\"advancement_trigger\" deletable=\"false\"></block></next></block></xml>"
  }
}