{
  "schemaVersion": 1,
  "id": "hempandstuff",
  "version": "1.0.0",
  "name": "Hemp and Stuff",
  "description": "Dumbest Mod",
  "authors": [
    "Jack"
  ],
  "contact": {
    "homepage": "https://mcreator.net",
    "sources": ""
  },
  "license": "Academic Free License v3.0",
  "environment": "*",
  "entrypoints": {
    "main": [
      "net.mcreator.randommod.HempandstuffMod"
    ],
    "client": [
      "net.mcreator.randommod.ClientInit"
    ]
  },
  "depends": {
    "fabricloader": ">=0.14.21",
    "fabric": "*",
    "minecraft": "~1.20",
    "java": ">=17"
  },
  "mixins": [
    "hempandstuff.mixins.json"
  ]
}