{
  "type": "minecraft:crafting_shaped",
  "category": "misc",
  "pattern": [
    "012",
    "345",
    "678"
  ],
  "key": {
    "0": {
      "item": "hempandstuff:decarbedbud"
    },
    "1": {
      "item": "hempandstuff:decarbedbud"
    },
    "2": {
      "item": "hempandstuff:decarbedbud"
    },
    "3": {
      "item": "minecraft:wheat"
    },
    "4": {
      "item": "minecraft:cocoa_beans"
    },
    "5": {
      "item": "minecraft:wheat"
    },
    "6": {
      "item": "hempandstuff:decarbedbud"
    },
    "7": {
      "item": "hempandstuff:decarbedbud"
    },
    "8": {
      "item": "hempandstuff:decarbedbud"
    }
  },
  "result": {
    "item": "hempandstuff:hash_cookie",
    "count": 1
  }
}